{
"lengthUnit": "mil",
"components": {
	"fields": ["COMPONENT_NO", "COMPONENT_NAME", "LAYER", "X_COORDINATE", "Y_COORDINATE", "ANGLE"],
	"rows": [
		[1, "C1", "T", 725, -195, 0],
		[2, "CN1", "T", 285, -375, 180],
		[3, "H3", "T", 1870, -955, 0],
		[4, "H4", "T", 1250, -1405, 0],
		[5, "H5", "T", 1415, -1405, 0],
		[6, "H9", "T", 1695, -1450, 180],
		[7, "H11", "T", 170, -695, 0],
		[8, "H12", "T", 2835, -1110, 90],
		[9, "H13", "T", 1070, -190, 90],
		[10, "H14", "T", 1070, -300, 90],
		[11, "H15", "T", 1500, -1180, 0],
		[12, "H16", "T", 1405, -300, 0],
		[13, "H17", "T", 1755, -955, 0],
		[14, "H18", "T", 2820, -1375, 270],
		[15, "KEY1", "T", 2905, -1685, 90],
		[16, "KEY2", "T", 3160, -1685, 90],
		[17, "R3", "T", 1465, -835, 0],
		[18, "R5", "T", 2970, -1325, 90],
		[19, "R6", "T", 3055, -1325, 90],
		[20, "R7", "T", 1460, -550, 0],
		[21, "R9", "T", 710, -605, 90],
		[22, "R10", "T", 625, -620, 90],
		[23, "R12", "T", 1760, -670, 90],
		[24, "R13", "T", 1460, -435, 0],
		[25, "RJ1", "T", 2065, -430, 180],
		[26, "U1", "T", 1250, -1880, 0],
		[27, "U2", "T", 750, -985, 0],
		[28, "U5", "T", 963.62, -613.23, 90],
		[29, "U7", "T", 2315, -1485, 0],
		[30, "U8", "T", 615, -1595, 90],
		[31, "U10", "T", 905, -1595, 90],
		[32, "U11", "T", 435, -770, 0],
		[33, "U12", "T", 1285, -1155, 180],
		[34, "U14", "T", 1475, -695, 90]
	]
},
"pins": {
	"fields": ["PIN_NO", "PIN_NAME", "PIN_X", "PIN_Y", "LAYER", "PIN_TYPE", "NET_NAME", "NET_TYPE", "PAD_SHAPE", "PAD_SIZEX", "PAD_SIZEY", "HOLE_SIZE", "PAD_ANGLE"],
	"rows": [
		[1, "C1_1", 656.1, -195, "T", "DIP", "12V", "", "C", 62.99, 62.99, 39.37, 90],
		[2, "C1_1", 656.1, -195, "B", "DIP", "12V", "", "C", 62.99, 62.99, 39.37, 90],
		[3, "C1_2", 793.9, -195, "T", "DIP", "GND", "GND", "C", 62.99, 62.99, 39.37, 90],
		[4, "C1_2", 793.9, -195, "B", "DIP", "GND", "GND", "C", 62.99, 62.99, 39.37, 90],
		[5, "CN1_1", 383.43, -571.85, "T", "DIP", "GND", "GND", "C", 98.42, 98.42, 70.87, 180],
		[6, "CN1_1", 383.43, -571.85, "B", "DIP", "GND", "GND", "C", 98.42, 98.42, 70.87, 180],
		[7, "CN1_2", 186.57, -571.85, "T", "DIP", "12V", "", "C", 98.42, 98.42, 70.87, 180],
		[8, "CN1_2", 186.57, -571.85, "B", "DIP", "12V", "", "C", 98.42, 98.42, 70.87, 180],
		[9, "CN1_3", 68.47, -178.15, "T", "DIP", "CN1_3", "", "C", 70.87, 70.87, 43.31, 180],
		[10, "CN1_3", 68.47, -178.15, "B", "DIP", "CN1_3", "", "C", 70.87, 70.87, 43.31, 180],
		[11, "CN1_4", 501.54, -178.15, "T", "DIP", "CN1_4", "", "C", 70.87, 70.87, 43.31, 180],
		[12, "CN1_4", 501.54, -178.15, "B", "DIP", "CN1_4", "", "C", 70.87, 70.87, 43.31, 180],
		[13, "H3_1", 1870, -1005, "T", "DIP", "ESP_RX", "", "R", 70.87, 70.87, 47.24, 0],
		[14, "H3_1", 1870, -1005, "B", "DIP", "ESP_RX", "", "R", 70.87, 70.87, 47.24, 0],
		[15, "H3_2", 1870, -905, "T", "DIP", "$1N9651", "", "C", 70.87, 70.87, 47.24, 0],
		[16, "H3_2", 1870, -905, "B", "DIP", "$1N9651", "", "C", 70.87, 70.87, 47.24, 0],
		[17, "H4_1", 1250, -1455, "T", "DIP", "$1N5917", "", "R", 70.87, 70.87, 47.24, 0],
		[18, "H4_1", 1250, -1455, "B", "DIP", "$1N5917", "", "R", 70.87, 70.87, 47.24, 0],
		[19, "H4_2", 1250, -1355, "T", "DIP", "5V", "", "C", 70.87, 70.87, 47.24, 0],
		[20, "H4_2", 1250, -1355, "B", "DIP", "5V", "", "C", 70.87, 70.87, 47.24, 0],
		[21, "H5_1", 1415, -1455, "T", "DIP", "ELRS_TX", "", "R", 70.87, 70.87, 47.24, 0],
		[22, "H5_1", 1415, -1455, "B", "DIP", "ELRS_TX", "", "R", 70.87, 70.87, 47.24, 0],
		[23, "H5_2", 1415, -1355, "T", "DIP", "ELRS_RX", "", "C", 70.87, 70.87, 47.24, 0],
		[24, "H5_2", 1415, -1355, "B", "DIP", "ELRS_RX", "", "C", 70.87, 70.87, 47.24, 0],
		[25, "H9_1", 1695, -1351.38, "T", "DIP", "$1N7589", "", "R", 66.93, 66.93, 43.31, 180],
		[26, "H9_1", 1695, -1351.38, "B", "DIP", "$1N7589", "", "R", 66.93, 66.93, 43.31, 180],
		[27, "H9_2", 1695, -1450, "T", "DIP", "$1N7584", "", "C", 66.93, 66.93, 43.31, 180],
		[28, "H9_2", 1695, -1450, "B", "DIP", "$1N7584", "", "C", 66.93, 66.93, 43.31, 180],
		[29, "H9_3", 1595, -1450, "T", "DIP", "$1N7580", "", "C", 66.93, 66.93, 43.31, 180],
		[30, "H9_3", 1595, -1450, "B", "DIP", "$1N7580", "", "C", 66.93, 66.93, 43.31, 180],
		[31, "H11_1", 70, -695, "T", "DIP", "3.3V", "", "R", 66.93, 66.93, 43.31, 0],
		[32, "H11_1", 70, -695, "B", "DIP", "3.3V", "", "R", 66.93, 66.93, 43.31, 0],
		[33, "H11_2", 170, -695, "T", "DIP", "GND", "GND", "C", 66.93, 66.93, 43.31, 0],
		[34, "H11_2", 170, -695, "B", "DIP", "GND", "GND", "C", 66.93, 66.93, 43.31, 0],
		[35, "H11_3", 270, -695, "T", "DIP", "12V", "", "C", 66.93, 66.93, 43.31, 0],
		[36, "H11_3", 270, -695, "B", "DIP", "12V", "", "C", 66.93, 66.93, 43.31, 0],
		[37, "H12_1", 2835, -1160, "T", "DIP", "3.3V", "", "R", 70.87, 70.87, 39.37, 90],
		[38, "H12_1", 2835, -1160, "B", "DIP", "3.3V", "", "R", 70.87, 70.87, 39.37, 90],
		[39, "H12_2", 2835, -1060, "T", "DIP", "GND", "GND", "C", 70.87, 70.87, 39.37, 90],
		[40, "H12_2", 2835, -1060, "B", "DIP", "GND", "GND", "C", 70.87, 70.87, 39.37, 90],
		[41, "H13_1", 1120, -190, "T", "DIP", "$1N8091", "", "R", 70.87, 70.87, 47.24, 90],
		[42, "H13_1", 1120, -190, "B", "DIP", "$1N8091", "", "R", 70.87, 70.87, 47.24, 90],
		[43, "H13_2", 1020, -190, "T", "DIP", "RS_A", "", "C", 70.87, 70.87, 47.24, 90],
		[44, "H13_2", 1020, -190, "B", "DIP", "RS_A", "", "C", 70.87, 70.87, 47.24, 90],
		[45, "H14_1", 1120, -300, "T", "DIP", "$1N8116", "", "R", 70.87, 70.87, 47.24, 90],
		[46, "H14_1", 1120, -300, "B", "DIP", "$1N8116", "", "R", 70.87, 70.87, 47.24, 90],
		[47, "H14_2", 1020, -300, "T", "DIP", "RS_B", "", "C", 70.87, 70.87, 47.24, 90],
		[48, "H14_2", 1020, -300, "B", "DIP", "RS_B", "", "C", 70.87, 70.87, 47.24, 90],
		[49, "H15_1", 1500, -1180, "T", "DIP", "$1N8230", "", "C", 55.12, 55.12, 35.43, 0],
		[50, "H15_1", 1500, -1180, "B", "DIP", "$1N8230", "", "C", 55.12, 55.12, 35.43, 0],
		[51, "H16_1", 1355, -300, "T", "DIP", "5V", "", "R", 70.87, 70.87, 39.37, 0],
		[52, "H16_1", 1355, -300, "B", "DIP", "5V", "", "R", 70.87, 70.87, 39.37, 0],
		[53, "H16_2", 1455, -300, "T", "DIP", "GND", "GND", "C", 70.87, 70.87, 39.37, 0],
		[54, "H16_2", 1455, -300, "B", "DIP", "GND", "GND", "C", 70.87, 70.87, 39.37, 0],
		[55, "H17_1", 1755, -1005, "T", "DIP", "ESP_TX", "", "R", 70.87, 70.87, 47.24, 0],
		[56, "H17_1", 1755, -1005, "B", "DIP", "ESP_TX", "", "R", 70.87, 70.87, 47.24, 0],
		[57, "H17_2", 1755, -905, "T", "DIP", "$1N9904", "", "C", 70.87, 70.87, 47.24, 0],
		[58, "H17_2", 1755, -905, "B", "DIP", "$1N9904", "", "C", 70.87, 70.87, 47.24, 0],
		[59, "H18_1", 2770, -1325, "T", "DIP", "$1N10299", "", "R", 60, 60, 36, 270],
		[60, "H18_1", 2770, -1325, "B", "DIP", "$1N10299", "", "R", 60, 60, 36, 270],
		[61, "H18_2", 2870, -1325, "T", "DIP", "$1N10304", "", "C", 60, 60, 36, 270],
		[62, "H18_2", 2870, -1325, "B", "DIP", "$1N10304", "", "C", 60, 60, 36, 270],
		[63, "H18_3", 2770, -1425, "T", "DIP", "$1N10285", "", "C", 60, 60, 36, 270],
		[64, "H18_3", 2770, -1425, "B", "DIP", "$1N10285", "", "C", 60, 60, 36, 270],
		[65, "H18_4", 2870, -1425, "T", "DIP", "$1N10291", "", "C", 60, 60, 36, 270],
		[66, "H18_4", 2870, -1425, "B", "DIP", "$1N10291", "", "C", 60, 60, 36, 270],
		[67, "KEY1_1", 2816.41, -1812.95, "T", "DIP", "GND", "GND", "R", 62.99, 62.99, 39.37, 180],
		[68, "KEY1_1", 2816.41, -1812.95, "B", "DIP", "GND", "GND", "R", 62.99, 62.99, 39.37, 180],
		[69, "KEY1_2", 2816.42, -1557.05, "T", "DIP", "KEY1_2", "", "C", 62.99, 62.99, 39.37, 180],
		[70, "KEY1_2", 2816.42, -1557.05, "B", "DIP", "KEY1_2", "", "C", 62.99, 62.99, 39.37, 180],
		[71, "KEY1_3", 2993.58, -1812.95, "T", "DIP", "KEY1_3", "", "C", 62.99, 62.99, 39.37, 180],
		[72, "KEY1_3", 2993.58, -1812.95, "B", "DIP", "KEY1_3", "", "C", 62.99, 62.99, 39.37, 180],
		[73, "KEY1_4", 2993.58, -1557.05, "T", "DIP", "RST", "", "C", 62.99, 62.99, 39.37, 180],
		[74, "KEY1_4", 2993.58, -1557.05, "B", "DIP", "RST", "", "C", 62.99, 62.99, 39.37, 180],
		[75, "KEY2_1", 3071.41, -1812.95, "T", "DIP", "BOOT", "", "R", 62.99, 62.99, 39.37, 180],
		[76, "KEY2_1", 3071.41, -1812.95, "B", "DIP", "BOOT", "", "R", 62.99, 62.99, 39.37, 180],
		[77, "KEY2_2", 3071.42, -1557.05, "T", "DIP", "$1N10118", "", "C", 62.99, 62.99, 39.37, 180],
		[78, "KEY2_2", 3071.42, -1557.05, "B", "DIP", "$1N10118", "", "C", 62.99, 62.99, 39.37, 180],
		[79, "KEY2_3", 3248.58, -1812.95, "T", "DIP", "GND", "GND", "C", 62.99, 62.99, 39.37, 180],
		[80, "KEY2_3", 3248.58, -1812.95, "B", "DIP", "GND", "GND", "C", 62.99, 62.99, 39.37, 180],
		[81, "KEY2_4", 3248.58, -1557.05, "T", "DIP", "KEY2_4", "", "C", 62.99, 62.99, 39.37, 180],
		[82, "KEY2_4", 3248.58, -1557.05, "B", "DIP", "KEY2_4", "", "C", 62.99, 62.99, 39.37, 180],
		[83, "R3_1", 1323.27, -835, "T", "DIP", "RS_RX", "", "C", 47.24, 47.24, 31.5, 0],
		[84, "R3_1", 1323.27, -835, "B", "DIP", "RS_RX", "", "C", 47.24, 47.24, 31.5, 0],
		[85, "R3_2", 1606.73, -835, "T", "DIP", "$1N9651", "", "C", 47.24, 47.24, 31.5, 0],
		[86, "R3_2", 1606.73, -835, "B", "DIP", "$1N9651", "", "C", 47.24, 47.24, 31.5, 0],
		[87, "R5_1", 2970, -1466.73, "T", "DIP", "RST", "", "C", 47.24, 47.24, 31.5, 90],
		[88, "R5_1", 2970, -1466.73, "B", "DIP", "RST", "", "C", 47.24, 47.24, 31.5, 90],
		[89, "R5_2", 2970, -1183.27, "T", "DIP", "3.3V", "", "C", 47.24, 47.24, 31.5, 90],
		[90, "R5_2", 2970, -1183.27, "B", "DIP", "3.3V", "", "C", 47.24, 47.24, 31.5, 90],
		[91, "R6_1", 3055, -1466.73, "T", "DIP", "$1N10118", "", "C", 47.24, 47.24, 31.5, 90],
		[92, "R6_1", 3055, -1466.73, "B", "DIP", "$1N10118", "", "C", 47.24, 47.24, 31.5, 90],
		[93, "R6_2", 3055, -1183.27, "T", "DIP", "3.3V", "", "C", 47.24, 47.24, 31.5, 90],
		[94, "R6_2", 3055, -1183.27, "B", "DIP", "3.3V", "", "C", 47.24, 47.24, 31.5, 90],
		[95, "R7_1", 1318.27, -550, "T", "DIP", "$1N9651", "", "C", 47.24, 47.24, 31.5, 0],
		[96, "R7_1", 1318.27, -550, "B", "DIP", "$1N9651", "", "C", 47.24, 47.24, 31.5, 0],
		[97, "R7_2", 1601.73, -550, "T", "DIP", "GND", "GND", "C", 47.24, 47.24, 31.5, 0],
		[98, "R7_2", 1601.73, -550, "B", "DIP", "GND", "GND", "C", 47.24, 47.24, 31.5, 0],
		[99, "R9_1", 710, -746.73, "T", "DIP", "RS_B", "", "C", 47.24, 47.24, 31.5, 90],
		[100, "R9_1", 710, -746.73, "B", "DIP", "RS_B", "", "C", 47.24, 47.24, 31.5, 90],
		[101, "R9_2", 710, -463.27, "T", "DIP", "$1N8176", "", "C", 47.24, 47.24, 31.5, 90],
		[102, "R9_2", 710, -463.27, "B", "DIP", "$1N8176", "", "C", 47.24, 47.24, 31.5, 90],
		[103, "R10_1", 625, -761.73, "T", "DIP", "$1N8206", "", "C", 47.24, 47.24, 31.5, 90],
		[104, "R10_1", 625, -761.73, "B", "DIP", "$1N8206", "", "C", 47.24, 47.24, 31.5, 90],
		[105, "R10_2", 625, -478.27, "T", "DIP", "RS_A", "", "C", 47.24, 47.24, 31.5, 90],
		[106, "R10_2", 625, -478.27, "B", "DIP", "RS_A", "", "C", 47.24, 47.24, 31.5, 90],
		[107, "R12_1", 1760, -811.73, "T", "DIP", "$1N9904", "", "C", 47.24, 47.24, 31.5, 90],
		[108, "R12_1", 1760, -811.73, "B", "DIP", "$1N9904", "", "C", 47.24, 47.24, 31.5, 90],
		[109, "R12_2", 1760, -528.27, "T", "DIP", "$1N9815", "", "C", 47.24, 47.24, 31.5, 90],
		[110, "R12_2", 1760, -528.27, "B", "DIP", "$1N9815", "", "C", 47.24, 47.24, 31.5, 90],
		[111, "R13_1", 1318.27, -435, "T", "DIP", "RS_TX", "", "C", 47.24, 47.24, 31.5, 0],
		[112, "R13_1", 1318.27, -435, "B", "DIP", "RS_TX", "", "C", 47.24, 47.24, 31.5, 0],
		[113, "R13_2", 1601.73, -435, "T", "DIP", "5V", "", "C", 47.24, 47.24, 31.5, 0],
		[114, "R13_2", 1601.73, -435, "B", "DIP", "5V", "", "C", 47.24, 47.24, 31.5, 0],
		[115, "RJ1_1", 2044.93, -480, "T", "DIP", "$1N8091", "", "R", 59.05, 62.99, 35.43, 0],
		[116, "RJ1_1", 2044.93, -480, "B", "DIP", "$1N8091", "", "R", 59.05, 62.99, 35.43, 0],
		[117, "RJ1_2", 2085.07, -380, "T", "DIP", "$1N8116", "", "C", 62.99, 62.99, 35.43, 0],
		[118, "RJ1_2", 2085.07, -380, "B", "DIP", "$1N8116", "", "C", 62.99, 62.99, 35.43, 0],
		[119, "U1_1", 1250, -1880, "T", "DIP", "GND", "GND", "R", 60, 60, 36, 0],
		[120, "U1_1", 1250, -1880, "B", "DIP", "GND", "GND", "R", 60, 60, 36, 0],
		[121, "U1_2", 1250, -1780, "T", "DIP", "$1N5917", "", "C", 60, 60, 36, 0],
		[122, "U1_2", 1250, -1780, "B", "DIP", "$1N5917", "", "C", 60, 60, 36, 0],
		[123, "U1_3", 1250, -1680, "T", "DIP", "ELRS_TX", "", "C", 60, 60, 36, 0],
		[124, "U1_3", 1250, -1680, "B", "DIP", "ELRS_TX", "", "C", 60, 60, 36, 0],
		[125, "U1_4", 1250, -1580, "T", "DIP", "ELRS_RX", "", "C", 60, 60, 36, 0],
		[126, "U1_4", 1250, -1580, "B", "DIP", "ELRS_RX", "", "C", 60, 60, 36, 0],
		[127, "U2_1", 450, -985, "T", "DIP", "GND", "GND", "C", 70.87, 70.87, 39.37, 0],
		[128, "U2_1", 450, -985, "B", "DIP", "GND", "GND", "C", 70.87, 70.87, 39.37, 0],
		[129, "U2_2", 550, -985, "T", "DIP", "5V", "", "C", 70.87, 70.87, 39.37, 0],
		[130, "U2_2", 550, -985, "B", "DIP", "5V", "", "C", 70.87, 70.87, 39.37, 0],
		[131, "U2_3", 650, -985, "T", "DIP", "OLED_SCL", "", "C", 70.87, 70.87, 39.37, 0],
		[132, "U2_3", 650, -985, "B", "DIP", "OLED_SCL", "", "C", 70.87, 70.87, 39.37, 0],
		[133, "U2_4", 750, -985, "T", "DIP", "OLED_SDA", "", "C", 70.87, 70.87, 39.37, 0],
		[134, "U2_4", 750, -985, "B", "DIP", "OLED_SDA", "", "C", 70.87, 70.87, 39.37, 0],
		[135, "U5_1", 1113.62, -763.23, "T", "DIP", "RS_RX", "", "R", 70.87, 70.87, 39.37, 90],
		[136, "U5_1", 1113.62, -763.23, "B", "DIP", "RS_RX", "", "R", 70.87, 70.87, 39.37, 90],
		[137, "U5_2", 1113.62, -663.23, "T", "DIP", "RS_TX", "", "C", 70.87, 70.87, 39.37, 90],
		[138, "U5_2", 1113.62, -663.23, "B", "DIP", "RS_TX", "", "C", 70.87, 70.87, 39.37, 90],
		[139, "U5_3", 1113.62, -563.23, "T", "DIP", "GND", "GND", "C", 70.87, 70.87, 39.37, 90],
		[140, "U5_3", 1113.62, -563.23, "B", "DIP", "GND", "GND", "C", 70.87, 70.87, 39.37, 90],
		[141, "U5_4", 1113.62, -463.23, "T", "DIP", "5V", "", "C", 70.87, 70.87, 39.37, 90],
		[142, "U5_4", 1113.62, -463.23, "B", "DIP", "5V", "", "C", 70.87, 70.87, 39.37, 90],
		[143, "U5_5", 813.62, -463.23, "T", "DIP", "$1N8176", "", "C", 70.87, 70.87, 39.37, 90],
		[144, "U5_5", 813.62, -463.23, "B", "DIP", "$1N8176", "", "C", 70.87, 70.87, 39.37, 90],
		[145, "U5_6", 813.62, -563.23, "T", "DIP", "RS_A", "", "C", 70.87, 70.87, 39.37, 90],
		[146, "U5_6", 813.62, -563.23, "B", "DIP", "RS_A", "", "C", 70.87, 70.87, 39.37, 90],
		[147, "U5_7", 813.62, -663.23, "T", "DIP", "RS_B", "", "C", 70.87, 70.87, 39.37, 90],
		[148, "U5_7", 813.62, -663.23, "B", "DIP", "RS_B", "", "C", 70.87, 70.87, 39.37, 90],
		[149, "U5_8", 813.62, -763.23, "T", "DIP", "$1N8206", "", "C", 70.87, 70.87, 39.37, 90],
		[150, "U5_8", 813.62, -763.23, "B", "DIP", "$1N8206", "", "C", 70.87, 70.87, 39.37, 90],
		[151, "U7_1", 2646.93, -1133.41, "T", "SMD", "GND", "GND", "R", 70.87, 39.4, 0, 180],
		[152, "U7_2", 2646.93, -1183.41, "T", "SMD", "3.3V", "", "R", 70.87, 39.4, 0, 180],
		[153, "U7_3", 2646.93, -1233.41, "T", "SMD", "RST", "", "R", 70.87, 39.4, 0, 180],
		[154, "U7_4", 2646.93, -1283.41, "T", "SMD", "$1N10304", "", "R", 70.87, 39.4, 0, 180],
		[155, "U7_5", 2646.93, -1333.41, "T", "SMD", "$1N10299", "", "R", 70.87, 39.4, 0, 180],
		[156, "U7_6", 2646.93, -1383.41, "T", "SMD", "$1N10285", "", "R", 70.87, 39.4, 0, 180],
		[157, "U7_7", 2646.93, -1433.41, "T", "SMD", "$1N10291", "", "R", 70.87, 39.4, 0, 180],
		[158, "U7_8", 2646.93, -1483.41, "T", "SMD", "U7_8", "", "R", 70.87, 39.4, 0, 180],
		[159, "U7_9", 2646.93, -1533.41, "T", "SMD", "U7_9", "", "R", 70.87, 39.4, 0, 180],
		[160, "U7_10", 2646.93, -1583.41, "T", "SMD", "U7_10", "", "R", 70.87, 39.4, 0, 180],
		[161, "U7_11", 2646.93, -1633.41, "T", "SMD", "U7_11", "", "R", 70.87, 39.4, 0, 180],
		[162, "U7_12", 2646.93, -1683.41, "T", "SMD", "U7_12", "", "R", 70.87, 39.4, 0, 180],
		[163, "U7_13", 2646.93, -1733.41, "T", "SMD", "U7_13", "", "R", 70.87, 39.4, 0, 180],
		[164, "U7_14", 2646.93, -1783.41, "T", "SMD", "U7_14", "", "R", 70.87, 39.4, 0, 180],
		[165, "U7_15", 2522.49, -1836.59, "T", "SMD", "GND", "GND", "R", 70.87, 39.4, 0, 90],
		[166, "U7_16", 2472.49, -1836.59, "T", "SMD", "U7_16", "", "R", 70.87, 39.4, 0, 90],
		[167, "U7_17", 2422.49, -1836.59, "T", "SMD", "U7_17", "", "R", 70.87, 39.4, 0, 90],
		[168, "U7_18", 2372.49, -1836.59, "T", "SMD", "U7_18", "", "R", 70.87, 39.4, 0, 90],
		[169, "U7_19", 2322.49, -1836.59, "T", "SMD", "U7_19", "", "R", 70.87, 39.4, 0, 90],
		[170, "U7_20", 2272.49, -1836.59, "T", "SMD", "U7_20", "", "R", 70.87, 39.4, 0, 90],
		[171, "U7_21", 2222.49, -1836.59, "T", "SMD", "U7_21", "", "R", 70.87, 39.4, 0, 90],
		[172, "U7_22", 2172.49, -1836.59, "T", "SMD", "U7_22", "", "R", 70.87, 39.4, 0, 90],
		[173, "U7_23", 2122.49, -1836.59, "T", "SMD", "U7_23", "", "R", 70.87, 39.4, 0, 90],
		[174, "U7_24", 2072.49, -1836.59, "T", "SMD", "U7_24", "", "R", 70.87, 39.4, 0, 90],
		[175, "U7_25", 1950.04, -1783.41, "T", "SMD", "BOOT", "", "R", 70.87, 39.4, 0, 180],
		[176, "U7_26", 1950.04, -1733.41, "T", "SMD", "U7_26", "", "R", 70.87, 39.4, 0, 180],
		[177, "U7_27", 1950.04, -1683.41, "T", "SMD", "ELRS_TX", "", "R", 70.87, 39.4, 0, 180],
		[178, "U7_28", 1950.04, -1633.41, "T", "SMD", "ELRS_RX", "", "R", 70.87, 39.4, 0, 180],
		[179, "U7_29", 1950.04, -1583.41, "T", "SMD", "$1N7580", "", "R", 70.87, 39.4, 0, 180],
		[180, "U7_30", 1950.04, -1533.41, "T", "SMD", "$1N7584", "", "R", 70.87, 39.4, 0, 180],
		[181, "U7_31", 1950.04, -1483.41, "T", "SMD", "$1N7589", "", "R", 70.87, 39.4, 0, 180],
		[182, "U7_32", 1950.04, -1433.41, "T", "SMD", "U7_32", "", "R", 70.87, 39.4, 0, 180],
		[183, "U7_33", 1950.04, -1383.41, "T", "SMD", "OLED_SDA", "", "R", 70.87, 39.4, 0, 180],
		[184, "U7_34", 1950.04, -1333.41, "T", "SMD", "ESP_RX", "", "R", 70.87, 39.4, 0, 180],
		[185, "U7_35", 1950.04, -1283.41, "T", "SMD", "ESP_TX", "", "R", 70.87, 39.4, 0, 180],
		[186, "U7_36", 1950.04, -1233.41, "T", "SMD", "OLED_SCL", "", "R", 70.87, 39.4, 0, 180],
		[187, "U7_37", 1950.04, -1183.41, "T", "SMD", "$1N8230", "", "R", 70.87, 39.4, 0, 180],
		[188, "U7_38", 1950.04, -1133.41, "T", "SMD", "GND", "GND", "R", 70.87, 39.4, 0, 180],
		[189, "U7_39", 2326.05, -1425.17, "T", "SMD", "U7_39", "", "R", 157.48, 157.48, 0, 180],
		[190, "U8_1", 524.45, -1478.07, "T", "SMD", "GND", "GND", "R", 98.42, 43.31, 0, 270],
		[191, "U8_2", 615, -1478.07, "T", "SMD", "3.3V", "", "R", 98.42, 43.31, 0, 270],
		[192, "U8_3", 705.55, -1478.07, "T", "SMD", "12V", "", "R", 98.42, 43.31, 0, 270],
		[193, "U8_4", 615, -1711.93, "T", "SMD", "3.3V", "", "R", 92.13, 141.73, 0, 270],
		[194, "U10_1", 814.45, -1478.07, "T", "SMD", "GND", "GND", "R", 98.42, 43.31, 0, 270],
		[195, "U10_2", 905, -1478.07, "T", "SMD", "5V", "", "R", 98.42, 43.31, 0, 270],
		[196, "U10_3", 995.55, -1478.07, "T", "SMD", "12V", "", "R", 98.42, 43.31, 0, 270],
		[197, "U10_4", 905, -1711.93, "T", "SMD", "5V", "", "R", 92.13, 141.73, 0, 270],
		[198, "U11_1", 384.13, -770, "T", "DIP", "3.3V", "", "C", 43.31, 43.31, 27.56, 0],
		[199, "U11_1", 384.13, -770, "B", "DIP", "3.3V", "", "C", 43.31, 43.31, 27.56, 0],
		[200, "U11_2", 490.87, -770, "T", "DIP", "GND", "GND", "C", 43.31, 43.31, 27.56, 0],
		[201, "U11_2", 490.87, -770, "B", "DIP", "GND", "GND", "C", 43.31, 43.31, 27.56, 0],
		[202, "U12_1", 1324.37, -1156, "T", "DIP", "5V", "", "C", 43.31, 43.31, 27.56, 180],
		[203, "U12_1", 1324.37, -1156, "B", "DIP", "5V", "", "C", 43.31, 43.31, 27.56, 180],
		[204, "U12_2", 1245.63, -1155, "T", "DIP", "GND", "GND", "C", 43.31, 43.31, 27.56, 180],
		[205, "U12_2", 1245.63, -1155, "B", "DIP", "GND", "GND", "C", 43.31, 43.31, 27.56, 180],
		[206, "U14_1", 1625, -744.8, "T", "DIP", "3.3V", "", "R", 70.87, 70.87, 39.37, 270],
		[207, "U14_1", 1625, -744.8, "B", "DIP", "3.3V", "", "R", 70.87, 70.87, 39.37, 270],
		[208, "U14_2", 1625, -644.8, "T", "DIP", "$1N9815", "", "C", 70.87, 70.87, 39.37, 180],
		[209, "U14_2", 1625, -644.8, "B", "DIP", "$1N9815", "", "C", 70.87, 70.87, 39.37, 180],
		[210, "U14_3", 1325, -645.2, "T", "DIP", "GND", "GND", "C", 70.87, 70.87, 39.37, 180],
		[211, "U14_3", 1325, -645.2, "B", "DIP", "GND", "GND", "C", 70.87, 70.87, 39.37, 180],
		[212, "U14_4", 1325, -745.2, "T", "DIP", "RS_TX", "", "C", 70.87, 70.87, 39.37, 180],
		[213, "U14_4", 1325, -745.2, "B", "DIP", "RS_TX", "", "C", 70.87, 70.87, 39.37, 180]
	]
}
}